Product Name,Product Category,Price,Rating,Review
Brake Product 26,Brake,576,4.3,340
Oil Product 25,Oil,784,4.6,851
Brake Product 56,Brake,2014,4.8,237
Oil Product 60,Oil,670,3.7,883
Oil Product 107,Oil,374,4.6,542
Tyres Product 74,Tyres,7118,4.4,281
Brake Product 13,Brake,2110,4.2,313
Brake Product 18,Brake,617,3.7,243
Tyres Product 31,Tyres,4340,3.6,483
Tyres Product 73,Tyres,5328,3.8,478
Tyres Product 71,Tyres,1651,3.9,389
Tyres Product 95,Tyres,3104,3.6,407
Oil Product 59,Oil,1468,4.8,513
Tyres Product 91,Tyres,1542,3.8,527
Oil Product 17,Oil,1481,4.1,555
Oil Product 103,Oil,1238,4.3,870
Tyres Product 10,Tyres,2602,4.0,382
Clutch Product 28,Clutch,3324,4.1,172
Brake Product 77,Brake,1796,4.2,264
Clutch Product 12,Clutch,3317,2.9,264
Brake Product 73,Brake,727,4.4,345
Clutch Product 20,Clutch,2880,3.0,136
Oil Product 38,Oil,348,4.8,475
Clutch Product 9,Clutch,2928,3.5,166
Tyres Product 56,Tyres,3580,4.2,561
Oil Product 44,Oil,965,5.0,676
Tyres Product 57,Tyres,7721,3.5,451
Clutch Product 78,Clutch,1193,4.0,297
Clutch Product 52,Clutch,4456,3.3,220
Tyres Product 80,Tyres,6609,3.0,295
Oil Product 20,Oil,1433,5.0,549
Tyres Product 117,Tyres,3979,3.8,176
Brake Product 89,Brake,1364,3.7,163
Brake Product 75,Brake,1856,3.5,297
Oil Product 28,Oil,142,4.8,483
Brake Product 65,Brake,987,4.1,185
Brake Product 99,Brake,1525,4.8,237
Tyres Product 40,Tyres,5306,3.9,538
Brake Product 49,Brake,1644,4.2,257
Clutch Product 43,Clutch,4945,3.5,321
Tyres Product 76,Tyres,6585,4.1,502
Tyres Product 77,Tyres,2831,3.8,330
Oil Product 106,Oil,126,4.0,537
Tyres Product 34,Tyres,3924,3.4,481
Tyres Product 114,Tyres,4360,4.8,362
Oil Product 66,Oil,666,5.0,517
Brake Product 29,Brake,1730,4.2,378
Clutch Product 75,Clutch,2283,4.0,274
Oil Product 58,Oil,168,4.0,716
Tyres Product 16,Tyres,6113,3.6,659
Tyres Product 79,Tyres,6204,3.8,457
Oil Product 8,Oil,1411,4.0,591
Tyres Product 1,Tyres,3961,4.0,556
Tyres Product 20,Tyres,2584,3.2,283
Oil Product 90,Oil,749,4.7,398
Clutch Product 59,Clutch,4742,3.4,333
Clutch Product 61,Clutch,3235,3.1,332
Clutch Product 58,Clutch,1543,3.1,232
Tyres Product 78,Tyres,2078,3.7,470
Tyres Product 83,Tyres,3479,4.4,596
Oil Product 47,Oil,143,4.4,595
Tyres Product 105,Tyres,5349,3.7,386
Tyres Product 26,Tyres,1093,3.8,555
Oil Product 70,Oil,1167,4.1,759
Brake Product 53,Brake,1626,3.7,319
Oil Product 57,Oil,1499,4.4,671
Clutch Product 47,Clutch,1482,4.1,231
Tyres Product 43,Tyres,5543,3.8,606
Brake Product 54,Brake,1427,4.3,462
Oil Product 61,Oil,1319,4.1,379
Brake Product 5,Brake,786,4.2,121
Oil Product 53,Oil,651,4.1,710
Clutch Product 77,Clutch,3632,3.4,316
Clutch Product 53,Clutch,4751,3.2,277
Tyres Product 23,Tyres,904,3.8,232
Tyres Product 47,Tyres,991,3.6,560
Clutch Product 65,Clutch,1492,3.9,273
Tyres Product 94,Tyres,6750,3.7,537
Oil Product 97,Oil,632,4.4,613
Oil Product 99,Oil,912,4.3,779
Tyres Product 58,Tyres,7319,3.7,646
Oil Product 102,Oil,1171,5.0,522
Tyres Product 25,Tyres,1131,3.6,485
Tyres Product 18,Tyres,5204,3.9,406
Tyres Product 67,Tyres,6883,3.8,513
Brake Product 12,Brake,2338,4.0,218
Tyres Product 32,Tyres,4209,4.5,496
Tyres Product 85,Tyres,3254,3.5,264
Clutch Product 70,Clutch,4861,3.8,331
Oil Product 62,Oil,1195,4.5,336
Oil Product 24,Oil,822,4.7,703
Brake Product 34,Brake,2078,4.3,99
Clutch Product 27,Clutch,2659,4.3,125
Brake Product 85,Brake,1263,4.0,256
Brake Product 91,Brake,242,4.5,344
Tyres Product 6,Tyres,5811,3.7,745
Tyres Product 46,Tyres,5425,3.5,505
Clutch Product 62,Clutch,2807,3.9,148
Oil Product 93,Oil,827,4.5,515
Oil Product 52,Oil,1022,4.4,621
Clutch Product 46,Clutch,3558,4.0,338
Tyres Product 17,Tyres,4791,3.4,344
Oil Product 79,Oil,655,5.0,500
Clutch Product 29,Clutch,4432,3.5,227
Clutch Product 83,Clutch,3168,3.1,276
Tyres Product 4,Tyres,7731,4.4,260
Tyres Product 19,Tyres,3821,3.4,559
Oil Product 84,Oil,623,4.4,533
Tyres Product 61,Tyres,1526,3.6,534
Brake Product 84,Brake,1122,4.8,372
Brake Product 35,Brake,1210,4.7,174
Tyres Product 64,Tyres,5718,3.3,515
Tyres Product 111,Tyres,6499,3.0,351
Oil Product 2,Oil,1316,4.4,163
Oil Product 3,Oil,388,4.6,314
Brake Product 7,Brake,1949,3.9,194
Oil Product 14,Oil,810,4.8,604
Oil Product 37,Oil,1315,4.3,973
Oil Product 73,Oil,1245,4.4,865
Tyres Product 27,Tyres,6959,3.3,283
Tyres Product 8,Tyres,2048,4.1,373
Brake Product 80,Brake,995,4.1,226
Oil Product 82,Oil,728,4.0,811
Tyres Product 109,Tyres,5642,3.9,353
Tyres Product 102,Tyres,7640,3.6,197
Oil Product 49,Oil,1065,4.3,910
Tyres Product 30,Tyres,1504,3.7,490
Brake Product 21,Brake,1521,4.2,266
Oil Product 83,Oil,433,4.3,697
Tyres Product 119,Tyres,3327,4.3,360
Tyres Product 115,Tyres,1214,3.7,739
Clutch Product 79,Clutch,4171,3.3,302
Clutch Product 49,Clutch,4039,3.5,495
Brake Product 22,Brake,2136,3.8,205
Brake Product 36,Brake,1067,4.5,451
Oil Product 64,Oil,1134,4.3,788
Oil Product 1,Oil,920,4.4,518
Brake Product 92,Brake,2206,3.4,233
Brake Product 33,Brake,1103,4.1,293
Clutch Product 71,Clutch,4477,3.8,327
Tyres Product 110,Tyres,6217,3.8,541
Brake Product 61,Brake,277,4.1,235
Brake Product 74,Brake,1861,3.7,315
Brake Product 38,Brake,893,3.8,296
Brake Product 62,Brake,1511,4.6,187
Tyres Product 84,Tyres,6390,3.6,592
Brake Product 58,Brake,917,3.9,371
Brake Product 46,Brake,1636,3.9,339
Tyres Product 75,Tyres,6093,2.8,473
Brake Product 90,Brake,1606,4.4,324
Tyres Product 120,Tyres,1643,4.1,565
Clutch Product 3,Clutch,846,3.2,289
Clutch Product 30,Clutch,4928,3.2,282
Clutch Product 19,Clutch,4436,3.5,314
Oil Product 23,Oil,737,4.5,497
Oil Product 68,Oil,1035,3.4,593
Oil Product 41,Oil,1422,3.8,482
Oil Product 69,Oil,1231,4.5,568
Oil Product 16,Oil,308,4.1,232
Oil Product 29,Oil,531,4.9,725
Tyres Product 37,Tyres,5373,3.9,701
Brake Product 20,Brake,1905,4.0,220
Oil Product 42,Oil,1057,4.6,512
Brake Product 57,Brake,549,4.6,466
Clutch Product 6,Clutch,3761,4.0,275
Clutch Product 82,Clutch,2916,3.8,368
Tyres Product 60,Tyres,1299,4.2,817
Tyres Product 112,Tyres,6485,3.8,479
Oil Product 22,Oil,1315,4.2,715
Brake Product 79,Brake,779,4.7,368
Tyres Product 7,Tyres,3744,4.4,316
Clutch Product 86,Clutch,4449,4.3,282
Clutch Product 72,Clutch,4675,3.5,370
Brake Product 39,Brake,1920,4.4,375
Brake Product 31,Brake,1025,4.1,269
Tyres Product 11,Tyres,4754,3.6,240
Clutch Product 1,Clutch,1535,4.2,276
Tyres Product 104,Tyres,4929,3.5,232
Tyres Product 82,Tyres,3771,3.9,525
Oil Product 81,Oil,644,3.7,595
Oil Product 56,Oil,1021,3.9,299
Brake Product 48,Brake,2362,4.2,183
Oil Product 85,Oil,418,4.2,738
Clutch Product 18,Clutch,596,4.3,197
Clutch Product 25,Clutch,3952,3.5,419
Oil Product 87,Oil,945,3.8,806
Oil Product 105,Oil,1438,4.4,537
Tyres Product 90,Tyres,6233,4.0,970
Clutch Product 4,Clutch,3633,3.5,292
Brake Product 44,Brake,1450,3.9,228
Brake Product 76,Brake,1675,4.6,232
Brake Product 28,Brake,2074,3.9,298
Tyres Product 3,Tyres,983,4.1,639
Tyres Product 93,Tyres,4438,3.5,578
Tyres Product 70,Tyres,2829,3.5,245
Clutch Product 8,Clutch,1919,4.2,136
Brake Product 4,Brake,2063,4.2,316
Tyres Product 97,Tyres,3602,3.9,345
Brake Product 24,Brake,2029,4.7,323
Oil Product 12,Oil,1407,4.4,757
Oil Product 80,Oil,1074,3.9,479
Tyres Product 98,Tyres,878,3.9,418
Oil Product 43,Oil,796,4.6,542
Tyres Product 69,Tyres,6664,3.9,335
Tyres Product 24,Tyres,1636,3.2,474
Tyres Product 38,Tyres,1126,3.0,513
Brake Product 25,Brake,664,4.1,252
Brake Product 3,Brake,941,3.8,356
Clutch Product 10,Clutch,4058,3.4,342
Brake Product 83,Brake,1542,4.9,159
Brake Product 63,Brake,1954,3.5,408
Tyres Product 68,Tyres,968,4.2,440
Oil Product 33,Oil,1458,4.8,788
Oil Product 91,Oil,632,4.4,366
Clutch Product 26,Clutch,2309,3.9,365
Clutch Product 31,Clutch,3957,4.6,323
Oil Product 26,Oil,1034,4.5,766
Clutch Product 34,Clutch,3819,3.6,216
Brake Product 6,Brake,1767,3.9,311
Brake Product 27,Brake,578,4.4,309
Oil Product 15,Oil,158,5.0,637
Tyres Product 87,Tyres,6981,4.2,519
Oil Product 45,Oil,1316,4.2,694
Brake Product 100,Brake,1595,3.5,283
Clutch Product 15,Clutch,1548,3.1,234
Oil Product 46,Oil,899,4.4,496
Oil Product 51,Oil,402,4.5,606
Clutch Product 56,Clutch,1252,4.1,432
Oil Product 11,Oil,733,4.1,870
Brake Product 64,Brake,2217,3.9,503
Clutch Product 55,Clutch,3260,4.0,227
Oil Product 18,Oil,1451,4.7,477
Clutch Product 68,Clutch,2076,4.1,167
Clutch Product 80,Clutch,1510,3.0,172
Brake Product 10,Brake,1147,3.5,229
Tyres Product 39,Tyres,3497,3.3,289
Tyres Product 12,Tyres,5945,3.6,459
Clutch Product 67,Clutch,4008,3.5,294
Brake Product 66,Brake,2089,4.1,374
Clutch Product 36,Clutch,997,3.5,161
Tyres Product 113,Tyres,1457,3.8,456
Brake Product 60,Brake,1911,4.6,301
Clutch Product 39,Clutch,1833,3.6,198
Clutch Product 88,Clutch,1083,3.6,236
Clutch Product 66,Clutch,1339,3.8,332
Oil Product 86,Oil,202,4.4,87
Tyres Product 118,Tyres,7191,3.3,475
Oil Product 78,Oil,613,4.3,646
Oil Product 89,Oil,967,4.3,534
Oil Product 95,Oil,136,4.6,591
Clutch Product 85,Clutch,912,2.8,282
Clutch Product 14,Clutch,3271,3.6,309
Oil Product 72,Oil,710,4.6,316
Clutch Product 42,Clutch,580,3.6,501
Brake Product 45,Brake,2285,3.3,165
Oil Product 55,Oil,249,4.7,553
Brake Product 17,Brake,2358,4.1,269
Brake Product 78,Brake,1448,3.8,392
Clutch Product 13,Clutch,4487,3.9,281
Tyres Product 116,Tyres,4757,3.9,535
Brake Product 1,Brake,346,4.3,156
Clutch Product 5,Clutch,2029,3.6,249
Oil Product 31,Oil,383,4.2,761
Clutch Product 64,Clutch,1294,3.5,259
Brake Product 8,Brake,1570,4.2,384
Oil Product 109,Oil,1006,4.1,668
Tyres Product 108,Tyres,3166,3.9,304
Oil Product 5,Oil,478,4.2,741
Brake Product 14,Brake,2420,4.7,411
Oil Product 92,Oil,1309,4.5,808
Tyres Product 45,Tyres,1308,3.2,580
Oil Product 77,Oil,554,4.6,688
Tyres Product 66,Tyres,3097,4.3,546
Tyres Product 86,Tyres,7501,3.6,323
Clutch Product 23,Clutch,4991,2.5,301
Brake Product 67,Brake,454,3.9,257
Brake Product 40,Brake,1356,4.2,349
Tyres Product 13,Tyres,5553,3.9,306
Tyres Product 36,Tyres,5234,3.3,353
Tyres Product 29,Tyres,4214,3.6,520
Brake Product 51,Brake,520,4.5,481
Brake Product 23,Brake,521,4.3,508
Oil Product 27,Oil,296,4.7,610
Oil Product 9,Oil,155,4.3,599
Clutch Product 2,Clutch,1043,3.4,372
Tyres Product 96,Tyres,7248,3.2,552
Tyres Product 52,Tyres,5432,3.6,339
Clutch Product 21,Clutch,4726,3.5,366
Oil Product 7,Oil,844,3.7,425
Oil Product 13,Oil,543,4.3,560
Brake Product 59,Brake,772,3.4,220
Tyres Product 42,Tyres,6967,3.9,556
Oil Product 98,Oil,658,4.6,369
Brake Product 87,Brake,553,4.4,246
Clutch Product 63,Clutch,1538,3.5,218
Clutch Product 35,Clutch,1574,3.7,228
Oil Product 40,Oil,1273,4.3,635
Tyres Product 5,Tyres,6819,3.7,529
Clutch Product 37,Clutch,2096,3.4,202
Oil Product 67,Oil,558,3.7,794
Tyres Product 101,Tyres,3099,3.2,762
Clutch Product 7,Clutch,794,2.9,305
Oil Product 96,Oil,578,4.8,685
Brake Product 94,Brake,1500,3.3,160
Brake Product 52,Brake,2026,3.9,404
Tyres Product 99,Tyres,7319,3.8,384
Clutch Product 73,Clutch,4977,3.7,350
Brake Product 96,Brake,2322,4.4,203
Tyres Product 62,Tyres,931,3.7,334
Tyres Product 48,Tyres,5018,4.2,706
Tyres Product 33,Tyres,2047,3.8,358
Clutch Product 48,Clutch,4775,2.8,290
Brake Product 81,Brake,618,4.6,329
Oil Product 65,Oil,1330,4.1,903
Tyres Product 28,Tyres,5866,4.0,271
Oil Product 100,Oil,847,4.9,511
Clutch Product 11,Clutch,1934,3.2,294
Clutch Product 41,Clutch,689,3.3,200
Clutch Product 69,Clutch,760,3.2,311
Brake Product 43,Brake,1083,3.8,307
Oil Product 48,Oil,1403,4.9,985
Brake Product 19,Brake,353,4.1,309
Tyres Product 63,Tyres,1480,3.4,305
Brake Product 16,Brake,1881,4.0,368
Brake Product 9,Brake,1285,3.5,355
Tyres Product 9,Tyres,1926,3.6,463
Tyres Product 65,Tyres,1313,4.1,419
Clutch Product 81,Clutch,1507,3.0,189
Tyres Product 15,Tyres,7675,3.1,325
Brake Product 37,Brake,1264,5.0,477
Tyres Product 41,Tyres,4423,4.1,318
Oil Product 88,Oil,1036,4.9,286
Oil Product 32,Oil,1043,4.4,714
Brake Product 97,Brake,1827,4.7,257
Clutch Product 60,Clutch,3423,3.8,361
Oil Product 71,Oil,1217,3.9,717
Clutch Product 17,Clutch,4415,3.5,296
Brake Product 88,Brake,1548,4.6,146
Brake Product 93,Brake,2344,3.6,381
Clutch Product 76,Clutch,3912,3.5,140
Oil Product 74,Oil,268,4.1,848
Clutch Product 32,Clutch,2380,3.6,219
Oil Product 101,Oil,951,4.0,319
Oil Product 75,Oil,862,3.8,487
Clutch Product 84,Clutch,3110,4.3,337
Clutch Product 50,Clutch,902,3.5,271
Brake Product 82,Brake,2289,4.1,392
Brake Product 42,Brake,2269,3.8,427
Tyres Product 44,Tyres,1973,3.7,339
Brake Product 98,Brake,551,4.1,324
Brake Product 71,Brake,2034,4.1,324
Clutch Product 90,Clutch,4800,3.8,241
Clutch Product 40,Clutch,1551,3.4,368
Tyres Product 106,Tyres,4029,4.0,597
Tyres Product 54,Tyres,4728,4.0,496
Tyres Product 2,Tyres,1365,3.7,327
Tyres Product 50,Tyres,4943,3.1,348
Tyres Product 81,Tyres,7932,3.7,498
Brake Product 86,Brake,2379,4.5,374
Tyres Product 35,Tyres,3669,4.1,489
Clutch Product 44,Clutch,2425,4.2,295
Tyres Product 92,Tyres,7298,4.2,603
Oil Product 30,Oil,1087,4.6,670
Tyres Product 53,Tyres,4099,3.5,439
Oil Product 36,Oil,721,4.1,635
Clutch Product 45,Clutch,2229,2.5,207
Clutch Product 22,Clutch,4095,3.5,319
Tyres Product 14,Tyres,2816,3.0,513
Oil Product 6,Oil,180,4.0,676
Tyres Product 89,Tyres,6206,3.6,519
Clutch Product 54,Clutch,2603,4.3,428
Brake Product 47,Brake,469,3.8,247
Oil Product 19,Oil,107,4.6,419
Oil Product 104,Oil,1105,3.7,753
Brake Product 15,Brake,486,4.4,225
Clutch Product 87,Clutch,1695,3.7,358
Oil Product 94,Oil,771,4.5,662
Oil Product 10,Oil,271,5.0,391
Clutch Product 24,Clutch,2078,3.6,362
Tyres Product 55,Tyres,7579,4.2,487
Oil Product 54,Oil,1012,4.4,415
Tyres Product 51,Tyres,3595,3.9,329
Brake Product 55,Brake,2256,3.6,327
Brake Product 70,Brake,1114,4.0,237
Oil Product 108,Oil,111,4.0,973
Brake Product 68,Brake,2147,4.3,273
Brake Product 50,Brake,970,4.9,216
Tyres Product 59,Tyres,2210,3.9,414
Tyres Product 49,Tyres,7570,3.9,416
Oil Product 35,Oil,1042,4.4,837
Clutch Product 16,Clutch,610,3.1,214
Clutch Product 33,Clutch,2396,3.6,295
Tyres Product 22,Tyres,6256,3.7,626
Oil Product 4,Oil,257,5.0,736
Brake Product 41,Brake,734,5.0,615
Clutch Product 57,Clutch,4960,3.9,339
Brake Product 72,Brake,545,4.3,240
Oil Product 76,Oil,108,4.6,671
Clutch Product 74,Clutch,1283,3.1,318
Oil Product 34,Oil,231,4.0,503
Clutch Product 38,Clutch,1793,3.4,166
Clutch Product 89,Clutch,4499,3.4,288
Brake Product 30,Brake,1403,4.1,392
Brake Product 11,Brake,1002,3.8,270
Brake Product 32,Brake,2218,3.8,264
Oil Product 50,Oil,1047,4.4,678
Tyres Product 100,Tyres,1457,3.7,461
Oil Product 63,Oil,894,4.9,640
Tyres Product 88,Tyres,3889,3.9,519
Oil Product 21,Oil,995,4.5,923
Brake Product 95,Brake,1802,4.0,313
Brake Product 2,Brake,2477,3.9,314
Oil Product 110,Oil,1357,3.5,677
Tyres Product 21,Tyres,3363,4.4,480
Brake Product 69,Brake,493,3.7,263
Tyres Product 72,Tyres,5817,4.4,565
Tyres Product 107,Tyres,2911,4.6,458
Clutch Product 51,Clutch,2379,3.0,376
Oil Product 39,Oil,1070,4.4,912
Tyres Product 103,Tyres,7644,3.7,542
